structure_index,chain_id,residue_index,residue_name,sasa,total_sasa
0,A,1,MET,195.892536081001,4978.906039694094
0,A,2,ARG,122.5084921648175,4978.906039694094
0,A,3,LYS,131.14310139556727,4978.906039694094
0,A,4,LYS,139.69650239547653,4978.906039694094
0,A,5,LEU,32.899883036132486,4978.906039694094
0,A,6,ASP,73.27955687163077,4978.906039694094
0,A,7,LEU,10.557783655012926,4978.906039694094
0,A,8,LYS,133.45717527314483,4978.906039694094
0,A,9,LYS,129.78829150296144,4978.906039694094
0,A,10,PHE,49.44935098516636,4978.906039694094
0,A,11,VAL,14.860307270878163,4978.906039694094
0,A,12,GLU,110.8115049574617,4978.906039694094
0,A,13,ASP,88.73734852310834,4978.906039694094
0,A,14,LYS,110.9624410311742,4978.906039694094
0,A,15,ASN,91.00561720409468,4978.906039694094
0,A,16,GLN,38.06836921366724,4978.906039694094
0,A,17,GLU,69.38497487959833,4978.906039694094
0,A,18,TYR,115.36986281359376,4978.906039694094
0,A,19,ALA,0.0,4978.906039694094
0,A,20,ALA,4.86843692955079,4978.906039694094
0,A,21,ARG,214.78744729203493,4978.906039694094
0,A,22,ALA,47.93710463701169,4978.906039694094
0,A,23,LEU,12.905476452493337,4978.906039694094
0,A,24,GLY,63.29067298257901,4978.906039694094
0,A,25,LEU,18.88070810943214,4978.906039694094
0,A,26,SER,69.27279287229904,4978.906039694094
0,A,27,GLN,84.05085247180433,4978.906039694094
0,A,28,LYS,167.2451671598999,4978.906039694094
0,A,29,LEU,54.06749994296222,4978.906039694094
0,A,30,ILE,0.0,4978.906039694094
0,A,31,GLU,79.18180273776062,4978.906039694094
0,A,32,GLU,65.63625587091923,4978.906039694094
0,A,33,VAL,1.024686682355324,4978.906039694094
0,A,34,LEU,47.64762820578537,4978.906039694094
0,A,35,LYS,179.91817351304647,4978.906039694094
0,A,36,ARG,104.0566541162043,4978.906039694094
0,A,37,GLY,55.92202474998022,4978.906039694094
0,A,38,LEU,23.51527867623458,4978.906039694094
0,A,39,PRO,42.79124568360168,4978.906039694094
0,A,40,VAL,2.3650995478869667,4978.906039694094
0,A,41,TYR,69.37373495921551,4978.906039694094
0,A,42,VAL,27.259405529726195,4978.906039694094
0,A,43,GLU,52.384878431737334,4978.906039694094
0,A,44,THR,87.51896907887611,4978.906039694094
0,A,45,ASN,45.83201260555849,4978.906039694094
0,A,46,LYS,235.92972201812566,4978.906039694094
0,A,47,ASP,129.0886394264597,4978.906039694094
0,A,48,GLY,47.40900679045268,4978.906039694094
0,A,49,ASN,93.56881550059241,4978.906039694094
0,A,50,ILE,94.43539862377372,4978.906039694094
0,A,51,LYS,125.98341167746258,4978.906039694094
0,A,52,VAL,7.199436622363237,4978.906039694094
0,A,53,TYR,15.005371281285028,4978.906039694094
0,A,54,ILE,1.6328369639391287,4978.906039694094
0,A,55,THR,19.309857422931405,4978.906039694094
0,A,56,GLN,70.29312786705273,4978.906039694094
0,A,57,ASP,121.09607089285798,4978.906039694094
0,A,58,GLY,66.90926024222941,4978.906039694094
0,A,59,ILE,114.64097453286641,4978.906039694094
0,A,60,THR,53.054914210087425,4978.906039694094
0,A,61,GLN,98.60174001587004,4978.906039694094
0,A,62,PRO,85.67741400745517,4978.906039694094
0,A,63,PHE,48.97665376757512,4978.906039694094
0,A,64,PRO,84.4081174911781,4978.906039694094
0,A,65,PRO,186.07816184609194,4978.906039694094
