sequence_accession	bit_score	start	end	strand	description	species	taxid
AM181176.4	66.1	1720658	1720784	+	Pseudomonas fluorescens SBW25 complete genome	Pseudomonas fluorescens SBW25	216595
AM181176.4	65.7	1657857	1657984	+	Pseudomonas fluorescens SBW25 complete genome	Pseudomonas fluorescens SBW25	216595
AM181176.4	65.4	2296975	2297101	-	Pseudomonas fluorescens SBW25 complete genome	Pseudomonas fluorescens SBW25	216595
AM181176.4	65.3	2681329	2681456	+	Pseudomonas fluorescens SBW25 complete genome	Pseudomonas fluorescens SBW25	216595
AM181176.4	64.5	2536408	2536529	-	Pseudomonas fluorescens SBW25 complete genome	Pseudomonas fluorescens SBW25	216595
AM181176.4	64.3	3869745	3869867	+	Pseudomonas fluorescens SBW25 complete genome	Pseudomonas fluorescens SBW25	216595
AM181176.4	63.9	2943894	2944020	+	Pseudomonas fluorescens SBW25 complete genome	Pseudomonas fluorescens SBW25	216595
AM181176.4	63.4	2612737	2612863	+	Pseudomonas fluorescens SBW25 complete genome	Pseudomonas fluorescens SBW25	216595
AM181176.4	63.4	3820165	3820291	+	Pseudomonas fluorescens SBW25 complete genome	Pseudomonas fluorescens SBW25	216595
AM181176.4	61.7	1670430	1670556	-	Pseudomonas fluorescens SBW25 complete genome	Pseudomonas fluorescens SBW25	216595
AM181176.4	61.7	1895934	1896060	-	Pseudomonas fluorescens SBW25 complete genome	Pseudomonas fluorescens SBW25	216595
AM181176.4	61.7	2027279	2027405	-	Pseudomonas fluorescens SBW25 complete genome	Pseudomonas fluorescens SBW25	216595
AM181176.4	61.7	2264943	2265069	-	Pseudomonas fluorescens SBW25 complete genome	Pseudomonas fluorescens SBW25	216595
AM181176.4	61.7	3001718	3001844	-	Pseudomonas fluorescens SBW25 complete genome	Pseudomonas fluorescens SBW25	216595
AM181176.4	61.7	4480332	4480458	+	Pseudomonas fluorescens SBW25 complete genome	Pseudomonas fluorescens SBW25	216595
AM181176.4	61.7	5893679	5893805	+	Pseudomonas fluorescens SBW25 complete genome	Pseudomonas fluorescens SBW25	216595
AM181176.4	61.3	2633637	2633763	+	Pseudomonas fluorescens SBW25 complete genome	Pseudomonas fluorescens SBW25	216595
AM181176.4	60.5	2943468	2943588	-	Pseudomonas fluorescens SBW25 complete genome	Pseudomonas fluorescens SBW25	216595
AM181176.4	59.6	2601262	2601388	-	Pseudomonas fluorescens SBW25 complete genome	Pseudomonas fluorescens SBW25	216595
AM181176.4	59.2	4502079	4502205	+	Pseudomonas fluorescens SBW25 complete genome	Pseudomonas fluorescens SBW25	216595
AM181176.4	59.1	4310743	4310869	+	Pseudomonas fluorescens SBW25 complete genome	Pseudomonas fluorescens SBW25	216595
AM181176.4	58.9	4118779	4118880	+	Pseudomonas fluorescens SBW25 complete genome	Pseudomonas fluorescens SBW25	216595
AM181176.4	57.3	2787190	2787316	-	Pseudomonas fluorescens SBW25 complete genome	Pseudomonas fluorescens SBW25	216595
AM181176.4	52.9	2650882	2650984	-	Pseudomonas fluorescens SBW25 complete genome	Pseudomonas fluorescens SBW25	216595
AM181176.4	52.9	3321364	3321466	+	Pseudomonas fluorescens SBW25 complete genome	Pseudomonas fluorescens SBW25	216595
AM181176.4	52.9	4405726	4405828	+	Pseudomonas fluorescens SBW25 complete genome	Pseudomonas fluorescens SBW25	216595
AM181176.4	52.9	4501670	4501772	-	Pseudomonas fluorescens SBW25 complete genome	Pseudomonas fluorescens SBW25	216595
AM181176.4	51.9	3626224	3626326	+	Pseudomonas fluorescens SBW25 complete genome	Pseudomonas fluorescens SBW25	216595
AM181176.4	51.7	4452066	4452168	+	Pseudomonas fluorescens SBW25 complete genome	Pseudomonas fluorescens SBW25	216595
AM181176.4	50.4	2818755	2818857	+	Pseudomonas fluorescens SBW25 complete genome	Pseudomonas fluorescens SBW25	216595
AM181176.4	50.4	4406236	4406338	+	Pseudomonas fluorescens SBW25 complete genome	Pseudomonas fluorescens SBW25	216595
AM181176.4	50.4	4464812	4464914	-	Pseudomonas fluorescens SBW25 complete genome	Pseudomonas fluorescens SBW25	216595
AM181176.4	49.0	2633210	2633312	-	Pseudomonas fluorescens SBW25 complete genome	Pseudomonas fluorescens SBW25	216595
AM181176.4	49.0	2818097	2818199	-	Pseudomonas fluorescens SBW25 complete genome	Pseudomonas fluorescens SBW25	216595
AM181176.4	49.0	4465198	4465300	+	Pseudomonas fluorescens SBW25 complete genome	Pseudomonas fluorescens SBW25	216595
AM181176.4	49.0	4952270	4952372	+	Pseudomonas fluorescens SBW25 complete genome	Pseudomonas fluorescens SBW25	216595
AM181176.4	49.0	4952684	4952786	+	Pseudomonas fluorescens SBW25 complete genome	Pseudomonas fluorescens SBW25	216595
AM181176.4	48.6	3947693	3947795	+	Pseudomonas fluorescens SBW25 complete genome	Pseudomonas fluorescens SBW25	216595
AM181176.4	48.6	4662388	4662490	+	Pseudomonas fluorescens SBW25 complete genome	Pseudomonas fluorescens SBW25	216595
AM181176.4	46.1	2787715	2787817	-	Pseudomonas fluorescens SBW25 complete genome	Pseudomonas fluorescens SBW25	216595
